Op	InType	OutType	Template	DesignStat	DPD	TWDFR
and	std_logic_vector1	std_logic_vector1	sync	impl	0,805	0,036
and	std_logic_vector8	std_logic_vector8	sync	impl	0,898	0,036
and	std_logic_vector16	std_logic_vector16	sync	impl	0,895	0,037
and	std_logic_vector32	std_logic_vector32	sync	impl	0,898	0,036
and	std_logic_vector64	std_logic_vector64	sync	synth	0,784	-0,131
nand	std_logic_vector1	std_logic_vector1	sync	impl	0,805	0,036
nand	std_logic_vector8	std_logic_vector8	sync	impl	0,898	0,036
nand	std_logic_vector16	std_logic_vector16	sync	impl	0,895	0,037
nand	std_logic_vector32	std_logic_vector32	sync	impl	0,898	0,036
nand	std_logic_vector64	std_logic_vector64	sync	synth	0,784	-0,131
or	std_logic_vector1	std_logic_vector1	sync	impl	0,805	0,036
or	std_logic_vector8	std_logic_vector8	sync	impl	0,898	0,036
or	std_logic_vector16	std_logic_vector16	sync	impl	0,895	0,037
or	std_logic_vector32	std_logic_vector32	sync	impl	0,898	0,036
or	std_logic_vector64	std_logic_vector64	sync	synth	0,784	-0,131
nor	std_logic_vector1	std_logic_vector1	sync	impl	0,805	0,036
nor	std_logic_vector8	std_logic_vector8	sync	impl	0,898	0,036
nor	std_logic_vector16	std_logic_vector16	sync	impl	0,895	0,037
nor	std_logic_vector32	std_logic_vector32	sync	impl	0,898	0,036
nor	std_logic_vector64	std_logic_vector64	sync	synth	0,784	-0,131
xor	std_logic_vector1	std_logic_vector1	sync	impl	0,805	0,036
xor	std_logic_vector8	std_logic_vector8	sync	impl	0,898	0,036
xor	std_logic_vector16	std_logic_vector16	sync	impl	0,895	0,037
xor	std_logic_vector32	std_logic_vector32	sync	impl	0,898	0,036
xor	std_logic_vector64	std_logic_vector64	sync	synth	0,784	-0,131
xnor	std_logic_vector1	std_logic_vector1	sync	impl	0,805	0,036
xnor	std_logic_vector8	std_logic_vector8	sync	impl	0,898	0,036
xnor	std_logic_vector16	std_logic_vector16	sync	impl	0,895	0,037
xnor	std_logic_vector32	std_logic_vector32	sync	impl	0,898	0,036
xnor	std_logic_vector64	std_logic_vector64	sync	synth	0,784	-0,131
add	unsigned1	unsigned1	sync	impl	0,805	0,036
add	signed1	signed1	sync	impl	0,805	0,036
add	unsigned8	unsigned8	sync	impl	1,652	0,025
add	signed8	signed8	sync	impl	1,652	0,025
add	unsigned16	unsigned16	sync	impl	1,806	0,026
add	signed16	signed16	sync	impl	1,806	0,026
add	unsigned32	unsigned32	sync	impl	1,896	-0,013
add	signed32	signed32	sync	impl	1,896	-0,013
add	unsigned64	unsigned64	sync	synth	2,165	-0,118
add	signed64	signed64	sync	synth	2,165	-0,118
gt	unsigned1	boolean	sync	impl	0,805	0,036
gt	signed1	boolean	sync	impl	0,805	0,036
gt	unsigned8	boolean	sync	impl	1,242	-0,118
gt	signed8	boolean	sync	impl	1,242	-0,118
gt	unsigned16	boolean	sync	impl	1,393	-0,118
gt	signed16	boolean	sync	impl	1,393	-0,118
gt	unsigned32	boolean	sync	impl	1,550	-0,118
gt	signed32	boolean	sync	impl	1,550	-0,118
gt	unsigned64	boolean	sync	impl	1,878	-0,159
gt	signed64	boolean	sync	impl	1,878	-0,159
lt	unsigned1	boolean	sync	impl	0,805	0,036
lt	signed1	boolean	sync	impl	0,805	0,036
lt	unsigned8	boolean	sync	impl	1,242	-0,118
lt	signed8	boolean	sync	impl	1,242	-0,118
lt	unsigned16	boolean	sync	impl	1,393	-0,118
lt	signed16	boolean	sync	impl	1,393	-0,118
lt	unsigned32	boolean	sync	impl	1,550	-0,118
lt	signed32	boolean	sync	impl	1,550	-0,118
lt	unsigned64	boolean	sync	impl	1,878	-0,159
lt	signed64	boolean	sync	impl	1,878	-0,159
ge	unsigned1	boolean	sync	impl	0,805	0,036
ge	signed1	boolean	sync	impl	0,805	0,036
ge	unsigned8	boolean	sync	impl	1,242	-0,118
ge	signed8	boolean	sync	impl	1,242	-0,118
ge	unsigned16	boolean	sync	impl	1,393	-0,118
ge	signed16	boolean	sync	impl	1,393	-0,118
ge	unsigned32	boolean	sync	impl	1,550	-0,118
ge	signed32	boolean	sync	impl	1,550	-0,118
ge	unsigned64	boolean	sync	impl	1,878	-0,159
ge	signed64	boolean	sync	impl	1,878	-0,159
le	unsigned1	boolean	sync	impl	0,805	0,036
le	signed1	boolean	sync	impl	0,805	0,036
le	unsigned8	boolean	sync	impl	1,242	-0,118
le	signed8	boolean	sync	impl	1,242	-0,118
le	unsigned16	boolean	sync	impl	1,393	-0,118
le	signed16	boolean	sync	impl	1,393	-0,118
le	unsigned32	boolean	sync	impl	1,550	-0,118
le	signed32	boolean	sync	impl	1,550	-0,118
le	unsigned64	boolean	sync	impl	1,878	-0,159
le	signed64	boolean	sync	impl	1,878	-0,159
eq	unsigned1	boolean	sync	impl	0,805	0,036
eq	signed1	boolean	sync	impl	0,805	0,036
eq	unsigned8	boolean	sync	impl	1,498	0,017
eq	signed8	boolean	sync	impl	1,498	0,017
eq	unsigned16	boolean	sync	impl	1,563	0,030
eq	signed16	boolean	sync	impl	1,563	0,030
eq	unsigned32	boolean	sync	impl	1,617	-0,017
eq	signed32	boolean	sync	impl	1,617	-0,017
eq	unsigned64	boolean	sync	impl	1,830	-0,022
eq	signed64	boolean	sync	impl	1,830	-0,022
neq	unsigned1	boolean	sync	impl	0,805	0,036
neq	signed1	boolean	sync	impl	0,805	0,036
neq	unsigned8	boolean	sync	impl	1,498	0,017
neq	signed8	boolean	sync	impl	1,498	0,017
neq	unsigned16	boolean	sync	impl	1,548	0,022
neq	signed16	boolean	sync	impl	1,548	0,022
neq	unsigned32	boolean	sync	impl	1,570	-0,017
neq	signed32	boolean	sync	impl	1,570	-0,017
neq	unsigned64	boolean	sync	impl	1,862	-0,020
neq	signed64	boolean	sync	impl	1,862	-0,020
sub	unsigned1	unsigned1	sync	impl	0,805	0,036
sub	signed1	signed1	sync	impl	0,805	0,036
sub	unsigned8	unsigned8	sync	impl	1,652	0,025
sub	signed8	signed8	sync	impl	1,652	0,025
sub	unsigned16	unsigned16	sync	impl	1,806	0,026
sub	signed16	signed16	sync	impl	1,806	0,026
sub	unsigned32	unsigned32	sync	impl	1,896	-0,013
sub	signed32	signed32	sync	impl	1,896	-0,013
sub	unsigned64	unsigned64	sync	synth	2,165	-0,118
sub	signed64	signed64	sync	synth	2,165	-0,118
mod	unsigned1	unsigned1	sync	impl	0,805	0,036
mod	unsigned8	unsigned8	sync	synth	10,353	-0,131
mod	signed8	signed8	sync	synth	13,320	-0,131
mod	unsigned16	unsigned16	sync	synth	21,444	-0,131
mod	signed16	signed16	sync	impl	24,864	-0,297
mod	unsigned32	unsigned32	sync	impl	51,505	-0,105
mod	signed32	signed32	sync	impl	58,384	-0,518
mod	unsigned64	unsigned64	sync	synth	128,470	-0,131
mod	signed64	signed64	sync	synth	133,281	-0,546
rem	unsigned1	unsigned1	sync	impl	0,805	0,036
rem	signed1	signed1	sync	impl	0,805	0,036
rem	unsigned8	unsigned8	sync	synth	10,353	-0,131
rem	signed8	signed8	sync	synth	12,428	-0,131
rem	unsigned16	unsigned16	sync	synth	21,444	-0,131
rem	signed16	signed16	sync	impl	23,340	-0,011
rem	unsigned32	unsigned32	sync	impl	51,505	-0,105
rem	signed32	signed32	sync	impl	57,127	-0,112
rem	unsigned64	unsigned64	sync	synth	128,470	-0,131
rem	signed64	signed64	sync	synth	132,094	-0,118
not	std_logic_vector1	std_logic_vector1	sync	impl	0,672	0,014
not	std_logic_vector8	std_logic_vector8	sync	impl	0,912	0,012
not	std_logic_vector16	std_logic_vector16	sync	impl	1,188	0,013
not	std_logic_vector32	std_logic_vector32	sync	impl	0,857	-0,001
not	std_logic_vector64	std_logic_vector64	sync	impl	0,857	-0,001
unary_minus	signed1	signed1	sync	impl	0,556	-0,066
unary_minus	signed8	signed8	sync	impl	1,373	0,015
unary_minus	signed16	signed16	sync	impl	1,907	0,020
unary_minus	signed32	signed32	sync	impl	1,652	-0,002
unary_minus	signed64	signed64	sync	impl	2,268	-0,017
div	unsigned1	unsigned1	sync	impl	0,805	0,036
div	signed1	signed1	sync	impl	0,805	0,036
div	unsigned8	unsigned8	sync	impl	9,474	0,015
div	signed8	signed8	sync	synth	11,142	-0,131
div	unsigned16	unsigned16	sync	impl	20,052	-0,016
div	signed16	signed16	sync	impl	23,274	-0,027
div	unsigned32	unsigned32	sync	impl	49,882	-0,104
div	signed32	signed32	sync	impl	54,315	-0,111
div	unsigned64	unsigned64	sync	synth	125,046	-0,121
div	signed64	signed64	sync	synth	130,331	-0,131
mul	unsigned1	unsigned1	sync	impl	0,805	0,036
mul	signed1	signed1	sync	impl	0,805	0,036
mul	unsigned8	unsigned8	sync	impl	3,826	-0,009
mul	signed8	signed8	sync	impl	3,680	-0,008
mul	unsigned16	unsigned16	sync	impl	2,311	0,000
mul	signed16	signed16	sync	impl	2,311	0,000
mul	unsigned32	unsigned32	sync	impl	3,564	-1,245
mul	signed32	signed32	sync	impl	3,564	-1,245
mul	unsigned64	unsigned64	sync	synth	6,468	-1,367
mul	signed64	signed64	sync	synth	6,468	-1,367
dotnet_shift_left_by_0	unsigned64	unsigned64	sync	impl	0,809	-0,098
dotnet_shift_left_by_0	signed64	signed64	sync	impl	0,809	-0,098
dotnet_shift_right_by_0	unsigned64	unsigned64	sync	impl	0,809	-0,098
dotnet_shift_right_by_0	signed64	signed64	sync	impl	0,809	-0,098
dotnet_shift_left_by_0	unsigned32	unsigned32	sync	impl	0,809	-0,098
dotnet_shift_left_by_0	signed32	signed32	sync	impl	0,809	-0,098
dotnet_shift_right_by_0	unsigned32	unsigned32	sync	impl	0,809	-0,098
dotnet_shift_right_by_0	signed32	signed32	sync	impl	0,809	-0,098
mul_by_1	unsigned1	unsigned1	sync	impl	0,556	-0,066
mul_by_1	unsigned8	unsigned8	sync	impl	0,802	-0,071
mul_by_1	unsigned16	unsigned16	sync	impl	0,802	-0,071
mul_by_1	unsigned32	unsigned32	sync	impl	0,809	-0,098
mul_by_1	unsigned64	unsigned64	sync	impl	0,809	-0,098
mul_by_1	signed8	signed8	sync	impl	0,802	-0,071
mul_by_1	signed16	signed16	sync	impl	0,802	-0,071
mul_by_1	signed32	signed32	sync	impl	0,809	-0,098
mul_by_1	signed64	signed64	sync	impl	0,809	-0,098
div_by_1	unsigned1	unsigned1	sync	impl	0,556	-0,066
div_by_1	unsigned8	unsigned8	sync	impl	0,802	-0,071
div_by_1	unsigned16	unsigned16	sync	impl	0,802	-0,071
div_by_1	unsigned32	unsigned32	sync	impl	0,809	-0,098
div_by_1	unsigned64	unsigned64	sync	impl	0,809	-0,098
div_by_1	signed8	signed8	sync	impl	0,802	-0,071
div_by_1	signed16	signed16	sync	impl	3,869	0,007
div_by_1	signed32	signed32	sync	impl	3,808	-0,067
div_by_1	signed64	signed64	sync	impl	4,928	0,024
dotnet_shift_left_by_1	unsigned64	unsigned64	sync	impl	0,787	-0,098
dotnet_shift_left_by_1	signed64	signed64	sync	impl	0,787	-0,098
dotnet_shift_right_by_1	unsigned64	unsigned64	sync	impl	0,809	-0,098
dotnet_shift_right_by_1	signed64	signed64	sync	impl	0,804	-0,074
dotnet_shift_left_by_1	unsigned32	unsigned32	sync	impl	0,811	-0,080
dotnet_shift_left_by_1	signed32	signed32	sync	impl	0,811	-0,080
dotnet_shift_right_by_1	unsigned32	unsigned32	sync	impl	0,787	-0,098
dotnet_shift_right_by_1	signed32	signed32	sync	impl	0,787	-0,098
mul_by_2	unsigned8	unsigned8	sync	impl	0,825	-0,071
mul_by_2	unsigned16	unsigned16	sync	impl	0,846	-0,042
mul_by_2	unsigned32	unsigned32	sync	impl	0,811	-0,080
mul_by_2	unsigned64	unsigned64	sync	impl	0,787	-0,098
mul_by_2	signed8	signed8	sync	impl	0,825	-0,071
mul_by_2	signed16	signed16	sync	impl	0,846	-0,042
mul_by_2	signed32	signed32	sync	impl	0,811	-0,080
mul_by_2	signed64	signed64	sync	impl	0,787	-0,098
div_by_2	unsigned8	unsigned8	sync	impl	0,825	-0,071
div_by_2	unsigned16	unsigned16	sync	impl	0,802	-0,071
div_by_2	unsigned32	unsigned32	sync	impl	0,787	-0,098
div_by_2	unsigned64	unsigned64	sync	impl	0,809	-0,098
div_by_2	signed8	signed8	sync	impl	1,887	-0,207
div_by_2	signed16	signed16	sync	impl	3,635	0,013
div_by_2	signed32	signed32	sync	impl	3,828	0,011
div_by_2	signed64	signed64	sync	impl	4,221	0,004
dotnet_shift_left_by_2	unsigned64	unsigned64	sync	impl	0,813	-0,085
dotnet_shift_left_by_2	signed64	signed64	sync	impl	0,813	-0,085
dotnet_shift_right_by_2	unsigned64	unsigned64	sync	impl	0,787	-0,098
dotnet_shift_right_by_2	signed64	signed64	sync	impl	0,874	-0,065
dotnet_shift_left_by_2	unsigned32	unsigned32	sync	impl	0,809	-0,098
dotnet_shift_left_by_2	signed32	signed32	sync	impl	0,809	-0,098
dotnet_shift_right_by_2	unsigned32	unsigned32	sync	impl	0,787	-0,098
dotnet_shift_right_by_2	signed32	signed32	sync	impl	0,788	-0,098
mul_by_4	unsigned8	unsigned8	sync	impl	0,825	-0,071
mul_by_4	unsigned16	unsigned16	sync	impl	0,802	-0,071
mul_by_4	unsigned32	unsigned32	sync	impl	0,809	-0,098
mul_by_4	unsigned64	unsigned64	sync	impl	0,813	-0,085
mul_by_4	signed8	signed8	sync	impl	0,825	-0,071
mul_by_4	signed16	signed16	sync	impl	0,802	-0,071
mul_by_4	signed32	signed32	sync	impl	0,809	-0,098
mul_by_4	signed64	signed64	sync	impl	0,813	-0,085
div_by_4	unsigned8	unsigned8	sync	impl	0,736	-0,071
div_by_4	unsigned16	unsigned16	sync	impl	0,894	-0,077
div_by_4	unsigned32	unsigned32	sync	impl	0,787	-0,098
div_by_4	unsigned64	unsigned64	sync	impl	0,787	-0,098
div_by_4	signed8	signed8	sync	impl	2,179	-0,184
div_by_4	signed16	signed16	sync	impl	4,023	-0,084
div_by_4	signed32	signed32	sync	impl	4,095	-0,280
div_by_4	signed64	signed64	sync	impl	4,515	-0,211
dotnet_shift_left_by_3	unsigned64	unsigned64	sync	impl	0,787	-0,074
dotnet_shift_left_by_3	signed64	signed64	sync	impl	0,787	-0,074
dotnet_shift_right_by_3	unsigned64	unsigned64	sync	impl	0,787	-0,098
dotnet_shift_right_by_3	signed64	signed64	sync	impl	0,822	-0,074
dotnet_shift_left_by_3	unsigned32	unsigned32	sync	impl	0,787	-0,098
dotnet_shift_left_by_3	signed32	signed32	sync	impl	0,787	-0,098
dotnet_shift_right_by_3	unsigned32	unsigned32	sync	impl	0,809	-0,098
dotnet_shift_right_by_3	signed32	signed32	sync	impl	0,828	-0,095
mul_by_8	unsigned8	unsigned8	sync	impl	0,736	-0,071
mul_by_8	unsigned16	unsigned16	sync	impl	0,846	-0,042
mul_by_8	unsigned32	unsigned32	sync	impl	0,787	-0,098
mul_by_8	unsigned64	unsigned64	sync	impl	0,787	-0,074
mul_by_8	signed8	signed8	sync	impl	0,736	-0,071
mul_by_8	signed16	signed16	sync	impl	0,846	-0,042
mul_by_8	signed32	signed32	sync	impl	0,787	-0,098
mul_by_8	signed64	signed64	sync	impl	0,787	-0,074
div_by_8	unsigned8	unsigned8	sync	impl	0,775	-0,042
div_by_8	unsigned16	unsigned16	sync	impl	0,802	-0,071
div_by_8	unsigned32	unsigned32	sync	impl	0,809	-0,098
div_by_8	unsigned64	unsigned64	sync	impl	0,787	-0,098
div_by_8	signed8	signed8	sync	impl	2,052	-0,076
div_by_8	signed16	signed16	sync	impl	4,410	-0,073
div_by_8	signed32	signed32	sync	impl	4,192	-0,202
div_by_8	signed64	signed64	sync	impl	4,953	-0,111
dotnet_shift_left_by_4	unsigned64	unsigned64	sync	impl	0,809	-0,098
dotnet_shift_left_by_4	signed64	signed64	sync	impl	0,809	-0,098
dotnet_shift_right_by_4	unsigned64	unsigned64	sync	impl	0,813	-0,085
dotnet_shift_right_by_4	signed64	signed64	sync	impl	1,036	-0,073
dotnet_shift_left_by_4	unsigned32	unsigned32	sync	impl	0,787	-0,098
dotnet_shift_left_by_4	signed32	signed32	sync	impl	0,787	-0,098
dotnet_shift_right_by_4	unsigned32	unsigned32	sync	impl	0,787	-0,098
dotnet_shift_right_by_4	signed32	signed32	sync	impl	0,921	-0,068
mul_by_16	unsigned8	unsigned8	sync	impl	0,941	-0,060
mul_by_16	unsigned16	unsigned16	sync	impl	0,802	-0,071
mul_by_16	unsigned32	unsigned32	sync	impl	0,787	-0,098
mul_by_16	unsigned64	unsigned64	sync	impl	0,809	-0,098
mul_by_16	signed8	signed8	sync	impl	0,941	-0,060
mul_by_16	signed16	signed16	sync	impl	0,802	-0,071
mul_by_16	signed32	signed32	sync	impl	0,787	-0,098
mul_by_16	signed64	signed64	sync	impl	0,809	-0,098
div_by_16	unsigned8	unsigned8	sync	impl	1,009	-0,060
div_by_16	unsigned16	unsigned16	sync	impl	0,802	-0,071
div_by_16	unsigned32	unsigned32	sync	impl	0,787	-0,098
div_by_16	unsigned64	unsigned64	sync	impl	0,813	-0,085
div_by_16	signed8	signed8	sync	impl	2,160	-0,065
div_by_16	signed16	signed16	sync	impl	4,301	-0,220
div_by_16	signed32	signed32	sync	impl	4,232	-0,174
div_by_16	signed64	signed64	sync	impl	4,795	-0,216
dotnet_shift_left_by_5	unsigned64	unsigned64	sync	impl	0,787	-0,098
dotnet_shift_left_by_5	signed64	signed64	sync	impl	0,787	-0,098
dotnet_shift_right_by_5	unsigned64	unsigned64	sync	impl	0,809	-0,098
dotnet_shift_right_by_5	signed64	signed64	sync	impl	1,036	-0,074
dotnet_shift_left_by_5	unsigned32	unsigned32	sync	impl	0,787	-0,098
dotnet_shift_left_by_5	signed32	signed32	sync	impl	0,787	-0,098
dotnet_shift_right_by_5	unsigned32	unsigned32	sync	impl	0,787	-0,098
dotnet_shift_right_by_5	signed32	signed32	sync	impl	1,087	-0,066
mul_by_32	unsigned8	unsigned8	sync	impl	0,775	-0,042
mul_by_32	unsigned16	unsigned16	sync	impl	0,846	-0,042
mul_by_32	unsigned32	unsigned32	sync	impl	0,787	-0,098
mul_by_32	unsigned64	unsigned64	sync	impl	0,787	-0,098
mul_by_32	signed8	signed8	sync	impl	0,775	-0,042
mul_by_32	signed16	signed16	sync	impl	0,846	-0,042
mul_by_32	signed32	signed32	sync	impl	0,787	-0,098
mul_by_32	signed64	signed64	sync	impl	0,787	-0,098
div_by_32	unsigned8	unsigned8	sync	impl	0,736	-0,071
div_by_32	unsigned16	unsigned16	sync	impl	0,802	-0,071
div_by_32	unsigned32	unsigned32	sync	impl	0,787	-0,098
div_by_32	unsigned64	unsigned64	sync	impl	0,809	-0,098
div_by_32	signed8	signed8	sync	impl	2,411	-0,071
div_by_32	signed16	signed16	sync	impl	3,747	-0,100
div_by_32	signed32	signed32	sync	impl	4,864	-0,165
div_by_32	signed64	signed64	sync	impl	4,906	-0,099
dotnet_shift_left_by_6	unsigned64	unsigned64	sync	impl	0,809	-0,098
dotnet_shift_left_by_6	signed64	signed64	sync	impl	0,809	-0,098
dotnet_shift_right_by_6	unsigned64	unsigned64	sync	impl	0,809	-0,098
dotnet_shift_right_by_6	signed64	signed64	sync	impl	1,147	-0,073
dotnet_shift_left_by_6	unsigned32	unsigned32	sync	impl	0,787	-0,098
dotnet_shift_left_by_6	signed32	signed32	sync	impl	0,787	-0,098
dotnet_shift_right_by_6	unsigned32	unsigned32	sync	impl	0,813	-0,085
dotnet_shift_right_by_6	signed32	signed32	sync	impl	1,087	-0,066
mul_by_64	unsigned8	unsigned8	sync	impl	0,775	-0,042
mul_by_64	unsigned16	unsigned16	sync	impl	0,775	-0,042
mul_by_64	unsigned32	unsigned32	sync	impl	0,787	-0,098
mul_by_64	unsigned64	unsigned64	sync	impl	0,809	-0,098
mul_by_64	signed8	signed8	sync	impl	0,775	-0,042
mul_by_64	signed16	signed16	sync	impl	0,775	-0,042
mul_by_64	signed32	signed32	sync	impl	0,787	-0,098
mul_by_64	signed64	signed64	sync	impl	0,809	-0,098
div_by_64	unsigned8	unsigned8	sync	impl	0,775	-0,042
div_by_64	unsigned16	unsigned16	sync	impl	0,736	-0,071
div_by_64	unsigned32	unsigned32	sync	impl	0,813	-0,085
div_by_64	unsigned64	unsigned64	sync	impl	0,809	-0,098
div_by_64	signed8	signed8	sync	impl	2,375	-0,071
div_by_64	signed16	signed16	sync	impl	3,769	-0,103
div_by_64	signed32	signed32	sync	impl	4,073	-0,104
div_by_64	signed64	signed64	sync	impl	4,795	-0,107
dotnet_shift_left_by_7	unsigned64	unsigned64	sync	impl	0,811	-0,080
dotnet_shift_left_by_7	signed64	signed64	sync	impl	0,811	-0,080
dotnet_shift_right_by_7	unsigned64	unsigned64	sync	impl	1,152	-0,019
dotnet_shift_right_by_7	signed64	signed64	sync	impl	1,251	-0,073
dotnet_shift_left_by_7	unsigned32	unsigned32	sync	impl	0,811	-0,080
dotnet_shift_left_by_7	signed32	signed32	sync	impl	0,811	-0,080
dotnet_shift_right_by_7	unsigned32	unsigned32	sync	impl	0,809	-0,098
dotnet_shift_right_by_7	signed32	signed32	sync	impl	1,221	-0,090
mul_by_128	unsigned8	unsigned8	sync	impl	0,899	-0,066
mul_by_128	unsigned16	unsigned16	sync	impl	0,807	-0,060
mul_by_128	unsigned32	unsigned32	sync	impl	0,811	-0,080
mul_by_128	unsigned64	unsigned64	sync	impl	0,811	-0,080
mul_by_128	signed16	signed16	sync	impl	0,807	-0,060
mul_by_128	signed32	signed32	sync	impl	0,811	-0,080
mul_by_128	signed64	signed64	sync	impl	0,811	-0,080
div_by_128	unsigned8	unsigned8	sync	impl	0,556	-0,066
div_by_128	unsigned16	unsigned16	sync	impl	0,846	-0,042
div_by_128	unsigned32	unsigned32	sync	impl	0,809	-0,098
div_by_128	unsigned64	unsigned64	sync	impl	1,152	-0,019
div_by_128	signed16	signed16	sync	impl	3,932	-0,192
div_by_128	signed32	signed32	sync	impl	4,285	-0,092
div_by_128	signed64	signed64	sync	impl	4,837	-0,118
dotnet_shift_left_by_8	unsigned64	unsigned64	sync	impl	0,811	-0,080
dotnet_shift_left_by_8	signed64	signed64	sync	impl	0,811	-0,080
dotnet_shift_right_by_8	unsigned64	unsigned64	sync	impl	0,787	-0,098
dotnet_shift_right_by_8	signed64	signed64	sync	impl	1,251	-0,073
dotnet_shift_left_by_8	unsigned32	unsigned32	sync	impl	0,811	-0,080
dotnet_shift_left_by_8	signed32	signed32	sync	impl	0,811	-0,080
dotnet_shift_right_by_8	unsigned32	unsigned32	sync	impl	0,787	-0,098
dotnet_shift_right_by_8	signed32	signed32	sync	impl	1,060	-0,072
mul_by_256	unsigned16	unsigned16	sync	impl	0,807	-0,060
mul_by_256	unsigned32	unsigned32	sync	impl	0,811	-0,080
mul_by_256	unsigned64	unsigned64	sync	impl	0,811	-0,080
mul_by_256	signed16	signed16	sync	impl	0,807	-0,060
mul_by_256	signed32	signed32	sync	impl	0,811	-0,080
mul_by_256	signed64	signed64	sync	impl	0,811	-0,080
div_by_256	unsigned16	unsigned16	sync	impl	0,734	-0,060
div_by_256	unsigned32	unsigned32	sync	impl	0,787	-0,098
div_by_256	unsigned64	unsigned64	sync	impl	0,787	-0,098
div_by_256	signed16	signed16	sync	impl	3,757	-0,189
div_by_256	signed32	signed32	sync	impl	4,483	-0,092
div_by_256	signed64	signed64	sync	impl	4,881	-0,082
dotnet_shift_left_by_9	unsigned64	unsigned64	sync	impl	0,787	-0,098
dotnet_shift_left_by_9	signed64	signed64	sync	impl	0,787	-0,098
dotnet_shift_right_by_9	unsigned64	unsigned64	sync	impl	0,809	-0,098
dotnet_shift_right_by_9	signed64	signed64	sync	impl	1,282	-0,072
dotnet_shift_left_by_9	unsigned32	unsigned32	sync	impl	0,787	-0,098
dotnet_shift_left_by_9	signed32	signed32	sync	impl	0,787	-0,098
dotnet_shift_right_by_9	unsigned32	unsigned32	sync	impl	0,811	-0,080
dotnet_shift_right_by_9	signed32	signed32	sync	impl	1,295	-0,077
mul_by_512	unsigned16	unsigned16	sync	impl	0,802	-0,071
mul_by_512	unsigned32	unsigned32	sync	impl	0,787	-0,098
mul_by_512	unsigned64	unsigned64	sync	impl	0,787	-0,098
mul_by_512	signed16	signed16	sync	impl	0,802	-0,071
mul_by_512	signed32	signed32	sync	impl	0,787	-0,098
mul_by_512	signed64	signed64	sync	impl	0,787	-0,098
div_by_512	unsigned16	unsigned16	sync	impl	0,825	-0,071
div_by_512	unsigned32	unsigned32	sync	impl	0,811	-0,080
div_by_512	unsigned64	unsigned64	sync	impl	0,809	-0,098
div_by_512	signed16	signed16	sync	impl	3,800	-0,077
div_by_512	signed32	signed32	sync	impl	4,252	-0,101
div_by_512	signed64	signed64	sync	impl	4,933	-0,082
dotnet_shift_left_by_10	unsigned64	unsigned64	sync	impl	0,809	-0,098
dotnet_shift_left_by_10	signed64	signed64	sync	impl	0,809	-0,098
dotnet_shift_right_by_10	unsigned64	unsigned64	sync	impl	0,787	-0,098
dotnet_shift_right_by_10	signed64	signed64	sync	impl	1,003	-0,074
dotnet_shift_left_by_10	unsigned32	unsigned32	sync	impl	0,787	-0,098
dotnet_shift_left_by_10	signed32	signed32	sync	impl	0,787	-0,098
dotnet_shift_right_by_10	unsigned32	unsigned32	sync	impl	0,787	-0,098
dotnet_shift_right_by_10	signed32	signed32	sync	impl	1,283	-0,066
mul_by_1024	unsigned16	unsigned16	sync	impl	0,736	-0,071
mul_by_1024	unsigned32	unsigned32	sync	impl	0,787	-0,098
mul_by_1024	unsigned64	unsigned64	sync	impl	0,809	-0,098
mul_by_1024	signed16	signed16	sync	impl	0,736	-0,071
mul_by_1024	signed32	signed32	sync	impl	0,787	-0,098
mul_by_1024	signed64	signed64	sync	impl	0,809	-0,098
div_by_1024	unsigned16	unsigned16	sync	impl	0,736	-0,071
div_by_1024	unsigned32	unsigned32	sync	impl	0,787	-0,098
div_by_1024	unsigned64	unsigned64	sync	impl	0,787	-0,098
div_by_1024	signed16	signed16	sync	impl	3,910	-0,077
div_by_1024	signed32	signed32	sync	impl	4,494	-0,202
div_by_1024	signed64	signed64	sync	impl	5,008	-0,107
dotnet_shift_left_by_11	unsigned64	unsigned64	sync	impl	0,969	-0,074
dotnet_shift_left_by_11	signed64	signed64	sync	impl	0,969	-0,074
dotnet_shift_right_by_11	unsigned64	unsigned64	sync	impl	0,787	-0,098
dotnet_shift_right_by_11	signed64	signed64	sync	impl	0,950	-0,073
dotnet_shift_left_by_11	unsigned32	unsigned32	sync	impl	0,743	-0,098
dotnet_shift_left_by_11	signed32	signed32	sync	impl	0,743	-0,098
dotnet_shift_right_by_11	unsigned32	unsigned32	sync	impl	0,787	-0,098
dotnet_shift_right_by_11	signed32	signed32	sync	impl	1,254	-0,085
mul_by_2048	unsigned16	unsigned16	sync	impl	0,736	-0,071
mul_by_2048	unsigned32	unsigned32	sync	impl	0,743	-0,098
mul_by_2048	unsigned64	unsigned64	sync	impl	0,969	-0,074
mul_by_2048	signed16	signed16	sync	impl	0,736	-0,071
mul_by_2048	signed32	signed32	sync	impl	0,743	-0,098
mul_by_2048	signed64	signed64	sync	impl	0,969	-0,074
div_by_2048	unsigned16	unsigned16	sync	impl	0,775	-0,042
div_by_2048	unsigned32	unsigned32	sync	impl	0,787	-0,098
div_by_2048	unsigned64	unsigned64	sync	impl	0,787	-0,098
div_by_2048	signed16	signed16	sync	impl	3,206	-0,101
div_by_2048	signed32	signed32	sync	impl	4,647	-0,202
div_by_2048	signed64	signed64	sync	impl	5,486	-0,083
dotnet_shift_left_by_12	unsigned64	unsigned64	sync	impl	0,813	-0,085
dotnet_shift_left_by_12	signed64	signed64	sync	impl	0,813	-0,085
dotnet_shift_right_by_12	unsigned64	unsigned64	sync	impl	0,809	-0,098
dotnet_shift_right_by_12	signed64	signed64	sync	impl	1,311	-0,085
dotnet_shift_left_by_12	unsigned32	unsigned32	sync	impl	0,787	-0,098
dotnet_shift_left_by_12	signed32	signed32	sync	impl	0,787	-0,098
dotnet_shift_right_by_12	unsigned32	unsigned32	sync	impl	0,795	-0,098
dotnet_shift_right_by_12	signed32	signed32	sync	impl	1,203	-0,067
mul_by_4096	unsigned16	unsigned16	sync	impl	0,941	-0,060
mul_by_4096	unsigned32	unsigned32	sync	impl	0,787	-0,098
mul_by_4096	unsigned64	unsigned64	sync	impl	0,813	-0,085
mul_by_4096	signed16	signed16	sync	impl	0,941	-0,060
mul_by_4096	signed32	signed32	sync	impl	0,787	-0,098
mul_by_4096	signed64	signed64	sync	impl	0,813	-0,085
div_by_4096	unsigned16	unsigned16	sync	impl	1,009	-0,060
div_by_4096	unsigned32	unsigned32	sync	impl	0,795	-0,098
div_by_4096	unsigned64	unsigned64	sync	impl	0,809	-0,098
div_by_4096	signed16	signed16	sync	impl	3,888	-0,194
div_by_4096	signed32	signed32	sync	impl	4,599	-0,185
div_by_4096	signed64	signed64	sync	impl	5,014	-0,124
dotnet_shift_left_by_13	unsigned64	unsigned64	sync	impl	0,811	-0,080
dotnet_shift_left_by_13	signed64	signed64	sync	impl	0,811	-0,080
dotnet_shift_right_by_13	unsigned64	unsigned64	sync	impl	0,809	-0,098
dotnet_shift_right_by_13	signed64	signed64	sync	impl	1,434	-0,084
dotnet_shift_left_by_13	unsigned32	unsigned32	sync	impl	0,811	-0,080
dotnet_shift_left_by_13	signed32	signed32	sync	impl	0,811	-0,080
dotnet_shift_right_by_13	unsigned32	unsigned32	sync	impl	0,809	-0,098
dotnet_shift_right_by_13	signed32	signed32	sync	impl	1,209	-0,067
mul_by_8192	unsigned16	unsigned16	sync	impl	0,775	-0,042
mul_by_8192	unsigned32	unsigned32	sync	impl	0,811	-0,080
mul_by_8192	unsigned64	unsigned64	sync	impl	0,811	-0,080
mul_by_8192	signed16	signed16	sync	impl	0,775	-0,042
mul_by_8192	signed32	signed32	sync	impl	0,811	-0,080
mul_by_8192	signed64	signed64	sync	impl	0,811	-0,080
div_by_8192	unsigned16	unsigned16	sync	impl	0,736	-0,071
div_by_8192	unsigned32	unsigned32	sync	impl	0,809	-0,098
div_by_8192	unsigned64	unsigned64	sync	impl	0,809	-0,098
div_by_8192	signed16	signed16	sync	impl	3,519	-0,114
div_by_8192	signed32	signed32	sync	impl	4,601	-0,185
div_by_8192	signed64	signed64	sync	impl	5,483	-0,207
dotnet_shift_left_by_14	unsigned64	unsigned64	sync	impl	0,809	-0,098
dotnet_shift_left_by_14	signed64	signed64	sync	impl	0,809	-0,098
dotnet_shift_right_by_14	unsigned64	unsigned64	sync	impl	0,809	-0,098
dotnet_shift_right_by_14	signed64	signed64	sync	impl	1,541	-0,030
dotnet_shift_left_by_14	unsigned32	unsigned32	sync	impl	0,802	-0,071
dotnet_shift_left_by_14	signed32	signed32	sync	impl	0,802	-0,071
dotnet_shift_right_by_14	unsigned32	unsigned32	sync	impl	0,802	-0,071
dotnet_shift_right_by_14	signed32	signed32	sync	impl	1,495	-0,084
mul_by_16384	unsigned16	unsigned16	sync	impl	0,775	-0,042
mul_by_16384	unsigned32	unsigned32	sync	impl	0,802	-0,071
mul_by_16384	unsigned64	unsigned64	sync	impl	0,809	-0,098
mul_by_16384	signed16	signed16	sync	impl	0,775	-0,042
mul_by_16384	signed32	signed32	sync	impl	0,802	-0,071
mul_by_16384	signed64	signed64	sync	impl	0,809	-0,098
div_by_16384	unsigned16	unsigned16	sync	impl	0,775	-0,042
div_by_16384	unsigned32	unsigned32	sync	impl	0,802	-0,071
div_by_16384	unsigned64	unsigned64	sync	impl	0,809	-0,098
div_by_16384	signed16	signed16	sync	impl	3,463	-0,114
div_by_16384	signed32	signed32	sync	impl	4,638	-0,184
div_by_16384	signed64	signed64	sync	impl	5,448	-0,108
dotnet_shift_left_by_15	unsigned64	unsigned64	sync	impl	0,813	-0,085
dotnet_shift_left_by_15	signed64	signed64	sync	impl	0,813	-0,085
dotnet_shift_right_by_15	unsigned64	unsigned64	sync	impl	0,787	-0,098
dotnet_shift_right_by_15	signed64	signed64	sync	impl	1,285	-0,067
dotnet_shift_left_by_15	unsigned32	unsigned32	sync	impl	0,846	-0,042
dotnet_shift_left_by_15	signed32	signed32	sync	impl	0,846	-0,042
dotnet_shift_right_by_15	unsigned32	unsigned32	sync	impl	0,802	-0,071
dotnet_shift_right_by_15	signed32	signed32	sync	impl	1,434	-0,084
mul_by_32768	unsigned16	unsigned16	sync	impl	0,899	-0,066
mul_by_32768	unsigned32	unsigned32	sync	impl	0,846	-0,042
mul_by_32768	unsigned64	unsigned64	sync	impl	0,813	-0,085
mul_by_32768	signed32	signed32	sync	impl	0,846	-0,042
mul_by_32768	signed64	signed64	sync	impl	0,813	-0,085
div_by_32768	unsigned16	unsigned16	sync	impl	0,556	-0,066
div_by_32768	unsigned32	unsigned32	sync	impl	0,802	-0,071
div_by_32768	unsigned64	unsigned64	sync	impl	0,787	-0,098
div_by_32768	signed32	signed32	sync	impl	4,927	-0,192
div_by_32768	signed64	signed64	sync	impl	5,091	-0,112
dotnet_shift_left_by_16	unsigned64	unsigned64	sync	impl	0,787	-0,098
dotnet_shift_left_by_16	signed64	signed64	sync	impl	0,787	-0,098
dotnet_shift_right_by_16	unsigned64	unsigned64	sync	impl	0,787	-0,098
dotnet_shift_right_by_16	signed64	signed64	sync	impl	1,425	-0,066
dotnet_shift_left_by_16	unsigned32	unsigned32	sync	impl	0,802	-0,071
dotnet_shift_left_by_16	signed32	signed32	sync	impl	0,802	-0,071
dotnet_shift_right_by_16	unsigned32	unsigned32	sync	impl	0,802	-0,071
dotnet_shift_right_by_16	signed32	signed32	sync	impl	1,242	-0,070
mul_by_65536	unsigned32	unsigned32	sync	impl	0,802	-0,071
mul_by_65536	unsigned64	unsigned64	sync	impl	0,787	-0,098
mul_by_65536	signed32	signed32	sync	impl	0,802	-0,071
mul_by_65536	signed64	signed64	sync	impl	0,787	-0,098
div_by_65536	unsigned32	unsigned32	sync	impl	0,802	-0,071
div_by_65536	unsigned64	unsigned64	sync	impl	0,787	-0,098
div_by_65536	signed32	signed32	sync	impl	5,318	-0,298
div_by_65536	signed64	signed64	sync	impl	5,410	-0,112
dotnet_shift_left_by_17	unsigned64	unsigned64	sync	impl	0,787	-0,098
dotnet_shift_left_by_17	signed64	signed64	sync	impl	0,787	-0,098
dotnet_shift_right_by_17	unsigned64	unsigned64	sync	impl	0,787	-0,098
dotnet_shift_right_by_17	signed64	signed64	sync	impl	1,425	-0,066
dotnet_shift_left_by_17	unsigned32	unsigned32	sync	impl	0,846	-0,042
dotnet_shift_left_by_17	signed32	signed32	sync	impl	0,846	-0,042
dotnet_shift_right_by_17	unsigned32	unsigned32	sync	impl	0,846	-0,042
dotnet_shift_right_by_17	signed32	signed32	sync	impl	1,444	-0,064
mul_by_131072	unsigned32	unsigned32	sync	impl	0,846	-0,042
mul_by_131072	unsigned64	unsigned64	sync	impl	0,787	-0,098
mul_by_131072	signed32	signed32	sync	impl	0,846	-0,042
mul_by_131072	signed64	signed64	sync	impl	0,787	-0,098
div_by_131072	unsigned32	unsigned32	sync	impl	0,846	-0,042
div_by_131072	unsigned64	unsigned64	sync	impl	0,787	-0,098
div_by_131072	signed32	signed32	sync	impl	5,085	-0,186
div_by_131072	signed64	signed64	sync	impl	5,514	-0,079
dotnet_shift_left_by_18	unsigned64	unsigned64	sync	impl	0,810	-0,085
dotnet_shift_left_by_18	signed64	signed64	sync	impl	0,810	-0,085
dotnet_shift_right_by_18	unsigned64	unsigned64	sync	impl	0,787	-0,098
dotnet_shift_right_by_18	signed64	signed64	sync	impl	1,918	-0,017
dotnet_shift_left_by_18	unsigned32	unsigned32	sync	impl	0,802	-0,071
dotnet_shift_left_by_18	signed32	signed32	sync	impl	0,802	-0,071
dotnet_shift_right_by_18	unsigned32	unsigned32	sync	impl	0,894	-0,077
dotnet_shift_right_by_18	signed32	signed32	sync	impl	1,487	-0,079
mul_by_262144	unsigned32	unsigned32	sync	impl	0,802	-0,071
mul_by_262144	unsigned64	unsigned64	sync	impl	0,810	-0,085
mul_by_262144	signed32	signed32	sync	impl	0,802	-0,071
mul_by_262144	signed64	signed64	sync	impl	0,810	-0,085
div_by_262144	unsigned32	unsigned32	sync	impl	0,894	-0,077
div_by_262144	unsigned64	unsigned64	sync	impl	0,787	-0,098
div_by_262144	signed32	signed32	sync	impl	4,644	-0,186
div_by_262144	signed64	signed64	sync	impl	5,663	-0,085
dotnet_shift_left_by_19	unsigned64	unsigned64	sync	impl	0,811	-0,080
dotnet_shift_left_by_19	signed64	signed64	sync	impl	0,811	-0,080
dotnet_shift_right_by_19	unsigned64	unsigned64	sync	impl	0,787	-0,098
dotnet_shift_right_by_19	signed64	signed64	sync	impl	1,857	-0,017
dotnet_shift_left_by_19	unsigned32	unsigned32	sync	impl	0,802	-0,071
dotnet_shift_left_by_19	signed32	signed32	sync	impl	0,802	-0,071
dotnet_shift_right_by_19	unsigned32	unsigned32	sync	impl	0,846	-0,042
dotnet_shift_right_by_19	signed32	signed32	sync	impl	1,303	-0,079
mul_by_524288	unsigned32	unsigned32	sync	impl	0,802	-0,071
mul_by_524288	unsigned64	unsigned64	sync	impl	0,811	-0,080
mul_by_524288	signed32	signed32	sync	impl	0,802	-0,071
mul_by_524288	signed64	signed64	sync	impl	0,811	-0,080
div_by_524288	unsigned32	unsigned32	sync	impl	0,846	-0,042
div_by_524288	unsigned64	unsigned64	sync	impl	0,787	-0,098
div_by_524288	signed32	signed32	sync	impl	5,190	-0,186
div_by_524288	signed64	signed64	sync	impl	5,321	-0,103
dotnet_shift_left_by_20	unsigned64	unsigned64	sync	impl	0,787	-0,098
dotnet_shift_left_by_20	signed64	signed64	sync	impl	0,787	-0,098
dotnet_shift_right_by_20	unsigned64	unsigned64	sync	impl	0,787	-0,098
dotnet_shift_right_by_20	signed64	signed64	sync	impl	1,584	-0,018
dotnet_shift_left_by_20	unsigned32	unsigned32	sync	impl	0,864	-0,053
dotnet_shift_left_by_20	signed32	signed32	sync	impl	0,864	-0,053
dotnet_shift_right_by_20	unsigned32	unsigned32	sync	impl	0,802	-0,071
dotnet_shift_right_by_20	signed32	signed32	sync	impl	1,331	-0,087
mul_by_1048576	unsigned32	unsigned32	sync	impl	0,864	-0,053
mul_by_1048576	unsigned64	unsigned64	sync	impl	0,787	-0,098
mul_by_1048576	signed32	signed32	sync	impl	0,864	-0,053
mul_by_1048576	signed64	signed64	sync	impl	0,787	-0,098
div_by_1048576	unsigned32	unsigned32	sync	impl	0,802	-0,071
div_by_1048576	unsigned64	unsigned64	sync	impl	0,787	-0,098
div_by_1048576	signed32	signed32	sync	impl	5,235	-0,315
div_by_1048576	signed64	signed64	sync	impl	5,393	-0,102
dotnet_shift_left_by_21	unsigned64	unsigned64	sync	impl	0,810	-0,085
dotnet_shift_left_by_21	signed64	signed64	sync	impl	0,810	-0,085
dotnet_shift_right_by_21	unsigned64	unsigned64	sync	impl	0,787	-0,098
dotnet_shift_right_by_21	signed64	signed64	sync	impl	1,571	-0,042
dotnet_shift_left_by_21	unsigned32	unsigned32	sync	impl	0,802	-0,071
dotnet_shift_left_by_21	signed32	signed32	sync	impl	0,802	-0,071
dotnet_shift_right_by_21	unsigned32	unsigned32	sync	impl	0,802	-0,071
dotnet_shift_right_by_21	signed32	signed32	sync	impl	1,560	-0,057
mul_by_2097152	unsigned32	unsigned32	sync	impl	0,802	-0,071
mul_by_2097152	unsigned64	unsigned64	sync	impl	0,810	-0,085
mul_by_2097152	signed32	signed32	sync	impl	0,802	-0,071
mul_by_2097152	signed64	signed64	sync	impl	0,810	-0,085
div_by_2097152	unsigned32	unsigned32	sync	impl	0,802	-0,071
div_by_2097152	unsigned64	unsigned64	sync	impl	0,787	-0,098
div_by_2097152	signed32	signed32	sync	impl	4,630	-0,084
div_by_2097152	signed64	signed64	sync	impl	5,391	-0,076
dotnet_shift_left_by_22	unsigned64	unsigned64	sync	impl	0,810	-0,085
dotnet_shift_left_by_22	signed64	signed64	sync	impl	0,810	-0,085
dotnet_shift_right_by_22	unsigned64	unsigned64	sync	impl	0,787	-0,098
dotnet_shift_right_by_22	signed64	signed64	sync	impl	1,515	-0,024
dotnet_shift_left_by_22	unsigned32	unsigned32	sync	impl	0,802	-0,071
dotnet_shift_left_by_22	signed32	signed32	sync	impl	0,802	-0,071
dotnet_shift_right_by_22	unsigned32	unsigned32	sync	impl	0,802	-0,071
dotnet_shift_right_by_22	signed32	signed32	sync	impl	1,405	-0,058
mul_by_4194304	unsigned32	unsigned32	sync	impl	0,802	-0,071
mul_by_4194304	unsigned64	unsigned64	sync	impl	0,810	-0,085
mul_by_4194304	signed32	signed32	sync	impl	0,802	-0,071
mul_by_4194304	signed64	signed64	sync	impl	0,810	-0,085
div_by_4194304	unsigned32	unsigned32	sync	impl	0,802	-0,071
div_by_4194304	unsigned64	unsigned64	sync	impl	0,787	-0,098
div_by_4194304	signed32	signed32	sync	impl	4,323	-0,150
div_by_4194304	signed64	signed64	sync	impl	5,640	-0,099
dotnet_shift_left_by_23	unsigned64	unsigned64	sync	impl	0,787	-0,098
dotnet_shift_left_by_23	signed64	signed64	sync	impl	0,787	-0,098
dotnet_shift_right_by_23	unsigned64	unsigned64	sync	impl	0,787	-0,098
dotnet_shift_right_by_23	signed64	signed64	sync	impl	1,871	-0,024
dotnet_shift_left_by_23	unsigned32	unsigned32	sync	impl	0,846	-0,042
dotnet_shift_left_by_23	signed32	signed32	sync	impl	0,846	-0,042
dotnet_shift_right_by_23	unsigned32	unsigned32	sync	impl	0,846	-0,042
dotnet_shift_right_by_23	signed32	signed32	sync	impl	1,819	-0,072
mul_by_8388608	unsigned32	unsigned32	sync	impl	0,846	-0,042
mul_by_8388608	unsigned64	unsigned64	sync	impl	0,787	-0,098
mul_by_8388608	signed32	signed32	sync	impl	0,846	-0,042
mul_by_8388608	signed64	signed64	sync	impl	0,787	-0,098
div_by_8388608	unsigned32	unsigned32	sync	impl	0,846	-0,042
div_by_8388608	unsigned64	unsigned64	sync	impl	0,787	-0,098
div_by_8388608	signed32	signed32	sync	impl	4,902	-0,303
div_by_8388608	signed64	signed64	sync	impl	5,227	-0,104
dotnet_shift_left_by_24	unsigned64	unsigned64	sync	impl	0,813	-0,085
dotnet_shift_left_by_24	signed64	signed64	sync	impl	0,813	-0,085
dotnet_shift_right_by_24	unsigned64	unsigned64	sync	impl	0,787	-0,098
dotnet_shift_right_by_24	signed64	signed64	sync	impl	1,792	-0,025
dotnet_shift_left_by_24	unsigned32	unsigned32	sync	impl	0,802	-0,071
dotnet_shift_left_by_24	signed32	signed32	sync	impl	0,802	-0,071
dotnet_shift_right_by_24	unsigned32	unsigned32	sync	impl	0,802	-0,071
dotnet_shift_right_by_24	signed32	signed32	sync	impl	1,847	-0,076
mul_by_16777216	unsigned32	unsigned32	sync	impl	0,802	-0,071
mul_by_16777216	unsigned64	unsigned64	sync	impl	0,813	-0,085
mul_by_16777216	signed32	signed32	sync	impl	0,802	-0,071
mul_by_16777216	signed64	signed64	sync	impl	0,813	-0,085
div_by_16777216	unsigned32	unsigned32	sync	impl	0,802	-0,071
div_by_16777216	unsigned64	unsigned64	sync	impl	0,787	-0,098
div_by_16777216	signed32	signed32	sync	impl	4,643	-0,202
div_by_16777216	signed64	signed64	sync	impl	5,858	-0,097
dotnet_shift_left_by_25	unsigned64	unsigned64	sync	impl	0,811	-0,080
dotnet_shift_left_by_25	signed64	signed64	sync	impl	0,811	-0,080
dotnet_shift_right_by_25	unsigned64	unsigned64	sync	impl	0,787	-0,098
dotnet_shift_right_by_25	signed64	signed64	sync	impl	1,646	-0,025
dotnet_shift_left_by_25	unsigned32	unsigned32	sync	impl	0,802	-0,071
dotnet_shift_left_by_25	signed32	signed32	sync	impl	0,802	-0,071
dotnet_shift_right_by_25	unsigned32	unsigned32	sync	impl	0,825	-0,071
dotnet_shift_right_by_25	signed32	signed32	sync	impl	2,068	-0,082
mul_by_33554432	unsigned32	unsigned32	sync	impl	0,802	-0,071
mul_by_33554432	unsigned64	unsigned64	sync	impl	0,811	-0,080
mul_by_33554432	signed32	signed32	sync	impl	0,802	-0,071
mul_by_33554432	signed64	signed64	sync	impl	0,811	-0,080
div_by_33554432	unsigned32	unsigned32	sync	impl	0,825	-0,071
div_by_33554432	unsigned64	unsigned64	sync	impl	0,787	-0,098
div_by_33554432	signed32	signed32	sync	impl	4,512	-0,176
div_by_33554432	signed64	signed64	sync	impl	5,941	-0,018
dotnet_shift_left_by_26	unsigned64	unsigned64	sync	impl	0,813	-0,085
dotnet_shift_left_by_26	signed64	signed64	sync	impl	0,813	-0,085
dotnet_shift_right_by_26	unsigned64	unsigned64	sync	impl	0,787	-0,098
dotnet_shift_right_by_26	signed64	signed64	sync	impl	2,079	-0,016
dotnet_shift_left_by_26	unsigned32	unsigned32	sync	impl	0,736	-0,071
dotnet_shift_left_by_26	signed32	signed32	sync	impl	0,736	-0,071
dotnet_shift_right_by_26	unsigned32	unsigned32	sync	impl	0,736	-0,071
dotnet_shift_right_by_26	signed32	signed32	sync	impl	1,985	-0,082
mul_by_67108864	unsigned32	unsigned32	sync	impl	0,736	-0,071
mul_by_67108864	unsigned64	unsigned64	sync	impl	0,813	-0,085
mul_by_67108864	signed32	signed32	sync	impl	0,736	-0,071
mul_by_67108864	signed64	signed64	sync	impl	0,813	-0,085
div_by_67108864	unsigned32	unsigned32	sync	impl	0,736	-0,071
div_by_67108864	unsigned64	unsigned64	sync	impl	0,787	-0,098
div_by_67108864	signed32	signed32	sync	impl	4,941	-0,160
div_by_67108864	signed64	signed64	sync	impl	6,157	-0,045
dotnet_shift_left_by_27	unsigned64	unsigned64	sync	impl	0,787	-0,098
dotnet_shift_left_by_27	signed64	signed64	sync	impl	0,787	-0,098
dotnet_shift_right_by_27	unsigned64	unsigned64	sync	impl	0,787	-0,098
dotnet_shift_right_by_27	signed64	signed64	sync	impl	1,652	-0,025
dotnet_shift_left_by_27	unsigned32	unsigned32	sync	impl	0,775	-0,042
dotnet_shift_left_by_27	signed32	signed32	sync	impl	0,775	-0,042
dotnet_shift_right_by_27	unsigned32	unsigned32	sync	impl	0,775	-0,042
dotnet_shift_right_by_27	signed32	signed32	sync	impl	2,135	-0,101
mul_by_134217728	unsigned32	unsigned32	sync	impl	0,775	-0,042
mul_by_134217728	unsigned64	unsigned64	sync	impl	0,787	-0,098
mul_by_134217728	signed32	signed32	sync	impl	0,775	-0,042
mul_by_134217728	signed64	signed64	sync	impl	0,787	-0,098
div_by_134217728	unsigned32	unsigned32	sync	impl	0,775	-0,042
div_by_134217728	unsigned64	unsigned64	sync	impl	0,787	-0,098
div_by_134217728	signed32	signed32	sync	impl	3,874	-0,188
div_by_134217728	signed64	signed64	sync	impl	5,841	-0,040
dotnet_shift_left_by_28	unsigned64	unsigned64	sync	impl	0,787	-0,098
dotnet_shift_left_by_28	signed64	signed64	sync	impl	0,787	-0,098
dotnet_shift_right_by_28	unsigned64	unsigned64	sync	impl	0,787	-0,098
dotnet_shift_right_by_28	signed64	signed64	sync	impl	2,355	-0,036
dotnet_shift_left_by_28	unsigned32	unsigned32	sync	impl	0,775	-0,042
dotnet_shift_left_by_28	signed32	signed32	sync	impl	0,775	-0,042
dotnet_shift_right_by_28	unsigned32	unsigned32	sync	impl	1,009	-0,060
dotnet_shift_right_by_28	signed32	signed32	sync	impl	1,992	-0,102
mul_by_268435456	unsigned32	unsigned32	sync	impl	0,775	-0,042
mul_by_268435456	unsigned64	unsigned64	sync	impl	0,787	-0,098
mul_by_268435456	signed32	signed32	sync	impl	0,775	-0,042
mul_by_268435456	signed64	signed64	sync	impl	0,787	-0,098
div_by_268435456	unsigned32	unsigned32	sync	impl	1,009	-0,060
div_by_268435456	unsigned64	unsigned64	sync	impl	0,787	-0,098
div_by_268435456	signed32	signed32	sync	impl	3,976	-0,149
div_by_268435456	signed64	signed64	sync	impl	6,072	-0,043
dotnet_shift_left_by_29	unsigned64	unsigned64	sync	impl	0,787	-0,098
dotnet_shift_left_by_29	signed64	signed64	sync	impl	0,787	-0,098
dotnet_shift_right_by_29	unsigned64	unsigned64	sync	impl	0,787	-0,098
dotnet_shift_right_by_29	signed64	signed64	sync	impl	2,135	-0,018
dotnet_shift_left_by_29	unsigned32	unsigned32	sync	impl	0,736	-0,071
dotnet_shift_left_by_29	signed32	signed32	sync	impl	0,736	-0,071
dotnet_shift_right_by_29	unsigned32	unsigned32	sync	impl	0,736	-0,071
dotnet_shift_right_by_29	signed32	signed32	sync	impl	2,204	-0,105
mul_by_536870912	unsigned32	unsigned32	sync	impl	0,736	-0,071
mul_by_536870912	unsigned64	unsigned64	sync	impl	0,787	-0,098
mul_by_536870912	signed32	signed32	sync	impl	0,736	-0,071
mul_by_536870912	signed64	signed64	sync	impl	0,787	-0,098
div_by_536870912	unsigned32	unsigned32	sync	impl	0,736	-0,071
div_by_536870912	unsigned64	unsigned64	sync	impl	0,787	-0,098
div_by_536870912	signed32	signed32	sync	impl	4,372	-0,032
div_by_536870912	signed64	signed64	sync	impl	5,504	-0,056
dotnet_shift_left_by_30	unsigned64	unsigned64	sync	impl	0,801	-0,085
dotnet_shift_left_by_30	signed64	signed64	sync	impl	0,801	-0,085
dotnet_shift_right_by_30	unsigned64	unsigned64	sync	impl	0,787	-0,098
dotnet_shift_right_by_30	signed64	signed64	sync	impl	2,641	-0,033
dotnet_shift_left_by_30	unsigned32	unsigned32	sync	impl	0,736	-0,080
dotnet_shift_left_by_30	signed32	signed32	sync	impl	0,736	-0,080
dotnet_shift_right_by_30	unsigned32	unsigned32	sync	impl	0,775	-0,042
dotnet_shift_right_by_30	signed32	signed32	sync	impl	2,005	-0,091
mul_by_1073741824	unsigned32	unsigned32	sync	impl	0,736	-0,080
mul_by_1073741824	unsigned64	unsigned64	sync	impl	0,801	-0,085
mul_by_1073741824	signed32	signed32	sync	impl	0,736	-0,080
mul_by_1073741824	signed64	signed64	sync	impl	0,801	-0,085
div_by_1073741824	unsigned32	unsigned32	sync	impl	0,775	-0,042
div_by_1073741824	unsigned64	unsigned64	sync	impl	0,787	-0,098
div_by_1073741824	signed32	signed32	sync	impl	4,240	-0,096
div_by_1073741824	signed64	signed64	sync	impl	6,456	-0,042
dotnet_shift_left_by_31	unsigned64	unsigned64	sync	impl	0,809	-0,098
dotnet_shift_left_by_31	signed64	signed64	sync	impl	0,809	-0,098
dotnet_shift_right_by_31	unsigned64	unsigned64	sync	impl	0,787	-0,098
dotnet_shift_right_by_31	signed64	signed64	sync	impl	2,019	-0,019
dotnet_shift_left_by_31	unsigned32	unsigned32	sync	impl	0,696	-0,053
dotnet_shift_left_by_31	signed32	signed32	sync	impl	0,696	-0,053
dotnet_shift_right_by_31	unsigned32	unsigned32	sync	impl	0,556	-0,066
dotnet_shift_right_by_31	signed32	signed32	sync	impl	2,048	-0,079
mul_by_2147483648	unsigned32	unsigned32	sync	impl	0,696	-0,053
mul_by_2147483648	unsigned64	unsigned64	sync	impl	0,809	-0,098
mul_by_2147483648	signed64	signed64	sync	impl	0,809	-0,098
div_by_2147483648	unsigned32	unsigned32	sync	impl	0,556	-0,066
div_by_2147483648	unsigned64	unsigned64	sync	impl	0,787	-0,098
div_by_2147483648	signed64	signed64	sync	impl	6,655	-0,053
dotnet_shift_left_by_32	unsigned64	unsigned64	sync	impl	0,809	-0,098
dotnet_shift_left_by_32	signed64	signed64	sync	impl	0,809	-0,098
dotnet_shift_right_by_32	unsigned64	unsigned64	sync	impl	0,787	-0,098
dotnet_shift_right_by_32	signed64	signed64	sync	impl	2,185	-0,049
mul_by_4294967296	unsigned64	unsigned64	sync	impl	0,809	-0,098
mul_by_4294967296	signed64	signed64	sync	impl	0,809	-0,098
div_by_4294967296	unsigned64	unsigned64	sync	impl	0,787	-0,098
div_by_4294967296	signed64	signed64	sync	impl	7,028	-0,016
dotnet_shift_left_by_33	unsigned64	unsigned64	sync	impl	0,787	-0,098
dotnet_shift_left_by_33	signed64	signed64	sync	impl	0,787	-0,098
dotnet_shift_right_by_33	unsigned64	unsigned64	sync	impl	0,787	-0,098
dotnet_shift_right_by_33	signed64	signed64	sync	impl	2,273	-0,048
mul_by_8589934592	unsigned64	unsigned64	sync	impl	0,787	-0,098
mul_by_8589934592	signed64	signed64	sync	impl	0,787	-0,098
div_by_8589934592	unsigned64	unsigned64	sync	impl	0,787	-0,098
div_by_8589934592	signed64	signed64	sync	impl	6,042	-0,031
dotnet_shift_left_by_34	unsigned64	unsigned64	sync	impl	0,787	-0,098
dotnet_shift_left_by_34	signed64	signed64	sync	impl	0,787	-0,098
dotnet_shift_right_by_34	unsigned64	unsigned64	sync	impl	0,787	-0,098
dotnet_shift_right_by_34	signed64	signed64	sync	impl	2,463	-0,036
mul_by_17179869184	unsigned64	unsigned64	sync	impl	0,787	-0,098
mul_by_17179869184	signed64	signed64	sync	impl	0,787	-0,098
div_by_17179869184	unsigned64	unsigned64	sync	impl	0,787	-0,098
div_by_17179869184	signed64	signed64	sync	impl	6,157	-0,066
dotnet_shift_left_by_35	unsigned64	unsigned64	sync	impl	0,743	-0,098
dotnet_shift_left_by_35	signed64	signed64	sync	impl	0,743	-0,098
dotnet_shift_right_by_35	unsigned64	unsigned64	sync	impl	0,809	-0,098
dotnet_shift_right_by_35	signed64	signed64	sync	impl	2,226	-0,036
mul_by_34359738368	unsigned64	unsigned64	sync	impl	0,743	-0,098
mul_by_34359738368	signed64	signed64	sync	impl	0,743	-0,098
div_by_34359738368	unsigned64	unsigned64	sync	impl	0,809	-0,098
div_by_34359738368	signed64	signed64	sync	impl	6,991	-0,026
dotnet_shift_left_by_36	unsigned64	unsigned64	sync	impl	0,813	-0,085
dotnet_shift_left_by_36	signed64	signed64	sync	impl	0,813	-0,085
dotnet_shift_right_by_36	unsigned64	unsigned64	sync	impl	0,809	-0,098
dotnet_shift_right_by_36	signed64	signed64	sync	impl	2,309	-0,042
mul_by_68719476736	unsigned64	unsigned64	sync	impl	0,813	-0,085
mul_by_68719476736	signed64	signed64	sync	impl	0,813	-0,085
div_by_68719476736	unsigned64	unsigned64	sync	impl	0,809	-0,098
div_by_68719476736	signed64	signed64	sync	impl	6,551	-0,022
dotnet_shift_left_by_37	unsigned64	unsigned64	sync	impl	0,743	-0,098
dotnet_shift_left_by_37	signed64	signed64	sync	impl	0,743	-0,098
dotnet_shift_right_by_37	unsigned64	unsigned64	sync	impl	0,809	-0,098
dotnet_shift_right_by_37	signed64	signed64	sync	impl	2,463	-0,036
mul_by_137438953472	unsigned64	unsigned64	sync	impl	0,743	-0,098
mul_by_137438953472	signed64	signed64	sync	impl	0,743	-0,098
div_by_137438953472	unsigned64	unsigned64	sync	impl	0,809	-0,098
div_by_137438953472	signed64	signed64	sync	impl	6,373	-0,054
dotnet_shift_left_by_38	unsigned64	unsigned64	sync	impl	0,809	-0,098
dotnet_shift_left_by_38	signed64	signed64	sync	impl	0,809	-0,098
dotnet_shift_right_by_38	unsigned64	unsigned64	sync	impl	0,809	-0,098
dotnet_shift_right_by_38	signed64	signed64	sync	impl	2,410	-0,041
mul_by_274877906944	unsigned64	unsigned64	sync	impl	0,809	-0,098
mul_by_274877906944	signed64	signed64	sync	impl	0,809	-0,098
div_by_274877906944	unsigned64	unsigned64	sync	impl	0,809	-0,098
div_by_274877906944	signed64	signed64	sync	impl	6,308	-0,107
dotnet_shift_left_by_39	unsigned64	unsigned64	sync	impl	0,787	-0,098
dotnet_shift_left_by_39	signed64	signed64	sync	impl	0,787	-0,098
dotnet_shift_right_by_39	unsigned64	unsigned64	sync	impl	0,809	-0,098
dotnet_shift_right_by_39	signed64	signed64	sync	impl	2,437	-0,030
mul_by_549755813888	unsigned64	unsigned64	sync	impl	0,787	-0,098
mul_by_549755813888	signed64	signed64	sync	impl	0,787	-0,098
div_by_549755813888	unsigned64	unsigned64	sync	impl	0,809	-0,098
div_by_549755813888	signed64	signed64	sync	impl	7,107	-0,062
dotnet_shift_left_by_40	unsigned64	unsigned64	sync	impl	0,787	-0,098
dotnet_shift_left_by_40	signed64	signed64	sync	impl	0,787	-0,098
dotnet_shift_right_by_40	unsigned64	unsigned64	sync	impl	0,787	-0,098
dotnet_shift_right_by_40	signed64	signed64	sync	impl	2,410	-0,041
mul_by_1099511627776	unsigned64	unsigned64	sync	impl	0,787	-0,098
mul_by_1099511627776	signed64	signed64	sync	impl	0,787	-0,098
div_by_1099511627776	unsigned64	unsigned64	sync	impl	0,787	-0,098
div_by_1099511627776	signed64	signed64	sync	impl	6,688	-0,033
dotnet_shift_left_by_41	unsigned64	unsigned64	sync	impl	0,743	-0,098
dotnet_shift_left_by_41	signed64	signed64	sync	impl	0,743	-0,098
dotnet_shift_right_by_41	unsigned64	unsigned64	sync	impl	0,787	-0,098
dotnet_shift_right_by_41	signed64	signed64	sync	impl	2,664	-0,032
mul_by_2199023255552	unsigned64	unsigned64	sync	impl	0,743	-0,098
mul_by_2199023255552	signed64	signed64	sync	impl	0,743	-0,098
div_by_2199023255552	unsigned64	unsigned64	sync	impl	0,787	-0,098
div_by_2199023255552	signed64	signed64	sync	impl	6,547	-0,052
dotnet_shift_left_by_42	unsigned64	unsigned64	sync	impl	0,787	-0,098
dotnet_shift_left_by_42	signed64	signed64	sync	impl	0,787	-0,098
dotnet_shift_right_by_42	unsigned64	unsigned64	sync	impl	0,787	-0,098
dotnet_shift_right_by_42	signed64	signed64	sync	impl	2,448	-0,028
mul_by_4398046511104	unsigned64	unsigned64	sync	impl	0,787	-0,098
mul_by_4398046511104	signed64	signed64	sync	impl	0,787	-0,098
div_by_4398046511104	unsigned64	unsigned64	sync	impl	0,787	-0,098
div_by_4398046511104	signed64	signed64	sync	impl	6,635	-0,052
dotnet_shift_left_by_43	unsigned64	unsigned64	sync	impl	0,811	-0,080
dotnet_shift_left_by_43	signed64	signed64	sync	impl	0,811	-0,080
dotnet_shift_right_by_43	unsigned64	unsigned64	sync	impl	0,787	-0,098
dotnet_shift_right_by_43	signed64	signed64	sync	impl	2,445	-0,028
mul_by_8796093022208	unsigned64	unsigned64	sync	impl	0,811	-0,080
mul_by_8796093022208	signed64	signed64	sync	impl	0,811	-0,080
div_by_8796093022208	unsigned64	unsigned64	sync	impl	0,787	-0,098
div_by_8796093022208	signed64	signed64	sync	impl	6,863	-0,052
dotnet_shift_left_by_44	unsigned64	unsigned64	sync	impl	0,787	-0,098
dotnet_shift_left_by_44	signed64	signed64	sync	impl	0,787	-0,098
dotnet_shift_right_by_44	unsigned64	unsigned64	sync	impl	0,787	-0,098
dotnet_shift_right_by_44	signed64	signed64	sync	impl	2,504	-0,023
mul_by_17592186044416	unsigned64	unsigned64	sync	impl	0,787	-0,098
mul_by_17592186044416	signed64	signed64	sync	impl	0,787	-0,098
div_by_17592186044416	unsigned64	unsigned64	sync	impl	0,787	-0,098
div_by_17592186044416	signed64	signed64	sync	impl	7,225	-0,056
dotnet_shift_left_by_45	unsigned64	unsigned64	sync	impl	0,787	-0,098
dotnet_shift_left_by_45	signed64	signed64	sync	impl	0,787	-0,098
dotnet_shift_right_by_45	unsigned64	unsigned64	sync	impl	0,787	-0,098
dotnet_shift_right_by_45	signed64	signed64	sync	impl	2,808	-0,042
mul_by_35184372088832	unsigned64	unsigned64	sync	impl	0,787	-0,098
mul_by_35184372088832	signed64	signed64	sync	impl	0,787	-0,098
div_by_35184372088832	unsigned64	unsigned64	sync	impl	0,787	-0,098
div_by_35184372088832	signed64	signed64	sync	impl	6,805	-0,052
dotnet_shift_left_by_46	unsigned64	unsigned64	sync	impl	0,801	-0,085
dotnet_shift_left_by_46	signed64	signed64	sync	impl	0,801	-0,085
dotnet_shift_right_by_46	unsigned64	unsigned64	sync	impl	0,787	-0,098
dotnet_shift_right_by_46	signed64	signed64	sync	impl	2,550	-0,026
mul_by_70368744177664	unsigned64	unsigned64	sync	impl	0,801	-0,085
mul_by_70368744177664	signed64	signed64	sync	impl	0,801	-0,085
div_by_70368744177664	unsigned64	unsigned64	sync	impl	0,787	-0,098
div_by_70368744177664	signed64	signed64	sync	impl	7,347	-0,036
dotnet_shift_left_by_47	unsigned64	unsigned64	sync	impl	0,743	-0,098
dotnet_shift_left_by_47	signed64	signed64	sync	impl	0,743	-0,098
dotnet_shift_right_by_47	unsigned64	unsigned64	sync	impl	0,787	-0,098
dotnet_shift_right_by_47	signed64	signed64	sync	impl	2,562	-0,023
mul_by_140737488355328	unsigned64	unsigned64	sync	impl	0,743	-0,098
mul_by_140737488355328	signed64	signed64	sync	impl	0,743	-0,098
div_by_140737488355328	unsigned64	unsigned64	sync	impl	0,787	-0,098
div_by_140737488355328	signed64	signed64	sync	impl	7,303	-0,022
dotnet_shift_left_by_48	unsigned64	unsigned64	sync	impl	0,813	-0,085
dotnet_shift_left_by_48	signed64	signed64	sync	impl	0,813	-0,085
dotnet_shift_right_by_48	unsigned64	unsigned64	sync	impl	0,787	-0,098
dotnet_shift_right_by_48	signed64	signed64	sync	impl	2,979	-0,048
mul_by_281474976710656	unsigned64	unsigned64	sync	impl	0,813	-0,085
mul_by_281474976710656	signed64	signed64	sync	impl	0,813	-0,085
div_by_281474976710656	unsigned64	unsigned64	sync	impl	0,787	-0,098
div_by_281474976710656	signed64	signed64	sync	impl	6,716	-0,175
dotnet_shift_left_by_49	unsigned64	unsigned64	sync	impl	0,811	-0,080
dotnet_shift_left_by_49	signed64	signed64	sync	impl	0,811	-0,080
dotnet_shift_right_by_49	unsigned64	unsigned64	sync	impl	0,787	-0,098
dotnet_shift_right_by_49	signed64	signed64	sync	impl	2,556	-0,044
mul_by_562949953421312	unsigned64	unsigned64	sync	impl	0,811	-0,080
mul_by_562949953421312	signed64	signed64	sync	impl	0,811	-0,080
div_by_562949953421312	unsigned64	unsigned64	sync	impl	0,787	-0,098
div_by_562949953421312	signed64	signed64	sync	impl	7,011	-0,050
dotnet_shift_left_by_50	unsigned64	unsigned64	sync	impl	0,787	-0,098
dotnet_shift_left_by_50	signed64	signed64	sync	impl	0,787	-0,098
dotnet_shift_right_by_50	unsigned64	unsigned64	sync	impl	0,787	-0,098
dotnet_shift_right_by_50	signed64	signed64	sync	impl	2,992	-0,048
mul_by_1125899906842624	unsigned64	unsigned64	sync	impl	0,787	-0,098
mul_by_1125899906842624	signed64	signed64	sync	impl	0,787	-0,098
div_by_1125899906842624	unsigned64	unsigned64	sync	impl	0,787	-0,098
div_by_1125899906842624	signed64	signed64	sync	impl	7,103	-0,047
dotnet_shift_left_by_51	unsigned64	unsigned64	sync	impl	0,787	-0,098
dotnet_shift_left_by_51	signed64	signed64	sync	impl	0,787	-0,098
dotnet_shift_right_by_51	unsigned64	unsigned64	sync	impl	0,809	-0,098
dotnet_shift_right_by_51	signed64	signed64	sync	impl	2,744	-0,031
mul_by_2251799813685248	unsigned64	unsigned64	sync	impl	0,787	-0,098
mul_by_2251799813685248	signed64	signed64	sync	impl	0,787	-0,098
div_by_2251799813685248	unsigned64	unsigned64	sync	impl	0,809	-0,098
div_by_2251799813685248	signed64	signed64	sync	impl	7,444	-0,026
dotnet_shift_left_by_52	unsigned64	unsigned64	sync	impl	0,787	-0,098
dotnet_shift_left_by_52	signed64	signed64	sync	impl	0,787	-0,098
dotnet_shift_right_by_52	unsigned64	unsigned64	sync	impl	0,809	-0,098
dotnet_shift_right_by_52	signed64	signed64	sync	impl	3,063	-0,037
mul_by_4503599627370496	unsigned64	unsigned64	sync	impl	0,787	-0,098
mul_by_4503599627370496	signed64	signed64	sync	impl	0,787	-0,098
div_by_4503599627370496	unsigned64	unsigned64	sync	impl	0,809	-0,098
div_by_4503599627370496	signed64	signed64	sync	impl	6,825	-0,145
dotnet_shift_left_by_53	unsigned64	unsigned64	sync	impl	0,743	-0,098
dotnet_shift_left_by_53	signed64	signed64	sync	impl	0,743	-0,098
dotnet_shift_right_by_53	unsigned64	unsigned64	sync	impl	0,787	-0,098
dotnet_shift_right_by_53	signed64	signed64	sync	impl	2,778	-0,106
mul_by_9007199254740992	unsigned64	unsigned64	sync	impl	0,743	-0,098
mul_by_9007199254740992	signed64	signed64	sync	impl	0,743	-0,098
div_by_9007199254740992	unsigned64	unsigned64	sync	impl	0,787	-0,098
div_by_9007199254740992	signed64	signed64	sync	impl	7,507	-0,081
dotnet_shift_left_by_54	unsigned64	unsigned64	sync	impl	0,787	-0,098
dotnet_shift_left_by_54	signed64	signed64	sync	impl	0,787	-0,098
dotnet_shift_right_by_54	unsigned64	unsigned64	sync	impl	0,787	-0,098
dotnet_shift_right_by_54	signed64	signed64	sync	impl	2,914	-0,105
mul_by_18014398509481984	unsigned64	unsigned64	sync	impl	0,787	-0,098
mul_by_18014398509481984	signed64	signed64	sync	impl	0,787	-0,098
div_by_18014398509481984	unsigned64	unsigned64	sync	impl	0,787	-0,098
div_by_18014398509481984	signed64	signed64	sync	impl	7,346	-0,067
dotnet_shift_left_by_55	unsigned64	unsigned64	sync	impl	0,809	-0,098
dotnet_shift_left_by_55	signed64	signed64	sync	impl	0,809	-0,098
dotnet_shift_right_by_55	unsigned64	unsigned64	sync	impl	0,809	-0,098
dotnet_shift_right_by_55	signed64	signed64	sync	impl	3,266	-0,040
mul_by_36028797018963968	unsigned64	unsigned64	sync	impl	0,809	-0,098
mul_by_36028797018963968	signed64	signed64	sync	impl	0,809	-0,098
div_by_36028797018963968	unsigned64	unsigned64	sync	impl	0,809	-0,098
div_by_36028797018963968	signed64	signed64	sync	impl	7,379	-0,172
dotnet_shift_left_by_56	unsigned64	unsigned64	sync	impl	0,743	-0,098
dotnet_shift_left_by_56	signed64	signed64	sync	impl	0,743	-0,098
dotnet_shift_right_by_56	unsigned64	unsigned64	sync	impl	0,809	-0,098
dotnet_shift_right_by_56	signed64	signed64	sync	impl	2,822	-0,044
mul_by_72057594037927936	unsigned64	unsigned64	sync	impl	0,743	-0,098
mul_by_72057594037927936	signed64	signed64	sync	impl	0,743	-0,098
div_by_72057594037927936	unsigned64	unsigned64	sync	impl	0,809	-0,098
div_by_72057594037927936	signed64	signed64	sync	impl	7,212	-0,159
dotnet_shift_left_by_57	unsigned64	unsigned64	sync	impl	0,743	-0,098
dotnet_shift_left_by_57	signed64	signed64	sync	impl	0,743	-0,098
dotnet_shift_right_by_57	unsigned64	unsigned64	sync	impl	0,743	-0,098
dotnet_shift_right_by_57	signed64	signed64	sync	impl	2,710	-0,091
mul_by_144115188075855872	unsigned64	unsigned64	sync	impl	0,743	-0,098
mul_by_144115188075855872	signed64	signed64	sync	impl	0,743	-0,098
div_by_144115188075855872	unsigned64	unsigned64	sync	impl	0,743	-0,098
div_by_144115188075855872	signed64	signed64	sync	impl	7,683	-0,069
dotnet_shift_left_by_58	unsigned64	unsigned64	sync	impl	0,787	-0,098
dotnet_shift_left_by_58	signed64	signed64	sync	impl	0,787	-0,098
dotnet_shift_right_by_58	unsigned64	unsigned64	sync	impl	0,743	-0,098
dotnet_shift_right_by_58	signed64	signed64	sync	impl	2,932	-0,106
mul_by_288230376151711744	unsigned64	unsigned64	sync	impl	0,787	-0,098
mul_by_288230376151711744	signed64	signed64	sync	impl	0,787	-0,098
div_by_288230376151711744	unsigned64	unsigned64	sync	impl	0,743	-0,098
div_by_288230376151711744	signed64	signed64	sync	impl	7,616	-0,061
dotnet_shift_left_by_59	unsigned64	unsigned64	sync	impl	0,743	-0,098
dotnet_shift_left_by_59	signed64	signed64	sync	impl	0,743	-0,098
dotnet_shift_right_by_59	unsigned64	unsigned64	sync	impl	0,743	-0,098
dotnet_shift_right_by_59	signed64	signed64	sync	impl	2,811	-0,206
mul_by_576460752303423488	unsigned64	unsigned64	sync	impl	0,743	-0,098
mul_by_576460752303423488	signed64	signed64	sync	impl	0,743	-0,098
div_by_576460752303423488	unsigned64	unsigned64	sync	impl	0,743	-0,098
div_by_576460752303423488	signed64	signed64	sync	impl	7,038	-0,049
dotnet_shift_left_by_60	unsigned64	unsigned64	sync	impl	0,739	-0,067
dotnet_shift_left_by_60	signed64	signed64	sync	impl	0,739	-0,067
dotnet_shift_right_by_60	unsigned64	unsigned64	sync	impl	0,743	-0,098
dotnet_shift_right_by_60	signed64	signed64	sync	impl	3,100	-0,097
mul_by_1152921504606846976	unsigned64	unsigned64	sync	impl	0,739	-0,067
mul_by_1152921504606846976	signed64	signed64	sync	impl	0,739	-0,067
div_by_1152921504606846976	unsigned64	unsigned64	sync	impl	0,743	-0,098
div_by_1152921504606846976	signed64	signed64	sync	impl	7,071	-0,060
dotnet_shift_left_by_61	unsigned64	unsigned64	sync	impl	0,739	-0,067
dotnet_shift_left_by_61	signed64	signed64	sync	impl	0,739	-0,067
dotnet_shift_right_by_61	unsigned64	unsigned64	sync	impl	0,739	-0,067
dotnet_shift_right_by_61	signed64	signed64	sync	impl	3,138	-0,106
mul_by_2305843009213693952	unsigned64	unsigned64	sync	impl	0,739	-0,067
mul_by_2305843009213693952	signed64	signed64	sync	impl	0,739	-0,067
div_by_2305843009213693952	unsigned64	unsigned64	sync	impl	0,739	-0,067
div_by_2305843009213693952	signed64	signed64	sync	impl	7,545	-0,065
dotnet_shift_left_by_62	unsigned64	unsigned64	sync	impl	0,739	-0,067
dotnet_shift_left_by_62	signed64	signed64	sync	impl	0,739	-0,067
dotnet_shift_right_by_62	unsigned64	unsigned64	sync	impl	0,739	-0,067
dotnet_shift_right_by_62	signed64	signed64	sync	impl	3,061	-0,084
mul_by_4611686018427387904	unsigned64	unsigned64	sync	impl	0,739	-0,067
mul_by_4611686018427387904	signed64	signed64	sync	impl	0,739	-0,067
div_by_4611686018427387904	unsigned64	unsigned64	sync	impl	0,739	-0,067
div_by_4611686018427387904	signed64	signed64	sync	impl	7,502	-0,049
dotnet_shift_left_by_63	unsigned64	unsigned64	sync	impl	0,660	-0,080
dotnet_shift_left_by_63	signed64	signed64	sync	impl	0,660	-0,080
dotnet_shift_right_by_63	unsigned64	unsigned64	sync	impl	0,660	-0,080
dotnet_shift_right_by_63	signed64	signed64	sync	impl	3,009	-0,107
mul_by_9223372036854775808	unsigned64	unsigned64	sync	impl	0,660	-0,080
div_by_9223372036854775808	unsigned64	unsigned64	sync	impl	0,660	-0,080
dotnet_shift_left	unsigned32	unsigned32	sync	impl	3,587	0,010
dotnet_shift_left	signed32	signed32	sync	impl	3,587	0,010
dotnet_shift_right	unsigned32	unsigned32	sync	impl	3,471	0,001
dotnet_shift_right	signed32	signed32	sync	impl	3,331	-0,032
dotnet_shift_left	unsigned64	unsigned64	sync	impl	3,824	0,023
dotnet_shift_left	signed64	signed64	sync	impl	3,824	0,023
dotnet_shift_right	unsigned64	unsigned64	sync	impl	3,726	0,014
dotnet_shift_right	signed64	signed64	sync	impl	4,165	-0,013
mul_by_-2	signed1	signed1	sync	synth	0	0
mul_by_-2	signed8	signed8	sync	synth	1,407	-0,131
mul_by_-2	signed16	signed16	sync	impl	1,726	0,021
mul_by_-2	signed32	signed32	sync	impl	1,652	-0,002
mul_by_-2	signed64	signed64	sync	impl	2,155	-0,018
mul_by_0	unsigned1	unsigned1	sync	synth	0	0
mul_by_0	unsigned8	unsigned8	sync	synth	0	0
mul_by_0	unsigned16	unsigned16	sync	synth	0	0
mul_by_0	unsigned32	unsigned32	sync	synth	0	0
mul_by_0	unsigned64	unsigned64	sync	synth	0	0
